date,action,qqq_close,reference_high,drawdown_percent
2010-05-07,SWITCH_TO_TQQQ,39.371891021728516,43.80241775512695,10.114799503001992
2010-10-13,SWITCH_TO_QQQ,44.07468032836914,43.80241775512695,0.0
2011-08-08,SWITCH_TO_TQQQ,44.38497543334961,52.31618881225586,15.160151301098301
2012-01-18,SWITCH_TO_QQQ,52.49026870727539,52.31618881225586,0.0
2012-05-18,SWITCH_TO_TQQQ,53.74604797363281,60.32177734375,10.901086903730805
2012-08-17,SWITCH_TO_QQQ,60.522438049316406,60.32177734375,0.0
2012-11-08,SWITCH_TO_TQQQ,56.11091995239258,62.36503219604492,10.028235412422292
2013-04-10,SWITCH_TO_QQQ,62.69650650024414,62.36503219604492,0.0
2015-08-21,SWITCH_TO_TQQQ,94.39991760253906,105.07524108886719,10.159694496726868
2015-10-28,SWITCH_TO_QQQ,105.36783599853516,105.07524108886719,0.0
2016-01-13,SWITCH_TO_TQQQ,94.45513153076172,106.42131805419922,11.2441630513759
2016-07-27,SWITCH_TO_QQQ,106.80750274658203,106.42131805419922,0.0
2018-02-08,SWITCH_TO_TQQQ,145.1342010498047,161.66690063476562,10.226397314507352
2018-03-09,SWITCH_TO_QQQ,163.77601623535156,161.66690063476562,0.0
2018-04-02,SWITCH_TO_TQQQ,147.32113647460938,164.64620971679688,10.522606789423117
2018-06-04,SWITCH_TO_QQQ,165.12167358398438,164.64620971679688,0.0
2018-10-24,SWITCH_TO_TQQQ,157.25123596191406,177.28530883789062,11.30046985128118
2019-04-12,SWITCH_TO_QQQ,177.56707763671875,177.28530883789062,0.0
2019-06-03,SWITCH_TO_TQQQ,162.5556182861328,182.61227416992188,10.983191559799653
2019-07-03,SWITCH_TO_QQQ,183.33203125,182.61227416992188,0.0
2020-02-27,SWITCH_TO_TQQQ,197.75559997558594,227.89401245117188,13.224749589260632
2020-06-03,SWITCH_TO_QQQ,228.1002197265625,227.89401245117188,0.0
2020-09-08,SWITCH_TO_TQQQ,260.6055908203125,292.2798767089844,10.836971140578777
2020-12-01,SWITCH_TO_QQQ,292.9555969238281,292.2798767089844,0.0
2021-03-08,SWITCH_TO_TQQQ,290.08221435546875,325.3924255371094,10.851577483205332
2021-04-09,SWITCH_TO_QQQ,326.4425048828125,325.3924255371094,0.0
2022-01-20,SWITCH_TO_TQQQ,351.5171813964844,392.0992126464844,10.349939490082239
2023-12-13,SWITCH_TO_QQQ,396.9720458984375,392.0992126464844,0.0
2024-08-02,SWITCH_TO_TQQQ,443.63037109375,497.22186279296875,10.778184892793618
2024-11-06,SWITCH_TO_QQQ,500.5143737792969,497.22186279296875,0.0
2025-03-10,SWITCH_TO_TQQQ,468.7481689453125,534.9756469726562,12.379531367850994
2025-06-24,SWITCH_TO_QQQ,536.6336669921875,534.9756469726562,0.0
2026-03-27,SWITCH_TO_TQQQ,561.3775024414062,632.7967529296875,11.286285866295664
2026-04-15,SWITCH_TO_QQQ,636.0375366210938,632.7967529296875,0.0
2026-07-29,SWITCH_TO_TQQQ,661.0411376953125,744.5650024414062,11.21780697081135
2026-09-22,SWITCH_TO_QQQ,747.4600219726562,744.5650024414062,0.0
